Item Title,Publication Title,Book Series Title,Journal Volume,Journal Issue,Item DOI,Authors,Publication Year,URL,Content Type
Health-related quality of life measured using the EQ-5D‚Ä?L: South Australian population norms,Health and Quality of Life Outcomes,,14,1,10.1186/s12955-016-0537-0,Nikki McCaffreyBillingsley KaambwaDavid C. CurrowJulie Ratcliffe,2016,http://link.springer.com/article/10.1186/s12955-016-0537-0,Article
Evaluating client application status for V-World Open API service,Spatial Information Research,,24,4,10.1007/s41324-016-0038-6,Han-sol JangDong-kyu KimJung-min KimIn-sung Jang,2016,http://link.springer.com/article/10.1007/s41324-016-0038-6,Article
From social data mining to forecasting socio-economic crises,The European Physical Journal Special Topics,,195,1,10.1140/epjst/e2011-01401-8,D. HelbingS. Balietti,2011,http://link.springer.com/article/10.1140/epjst/e2011-01401-8,Article
"Linked Open Piracy: A Story about e-Science, Linked Data, and Statistics",Journal on Data Semantics,,1,3,10.1007/s13740-012-0009-6,Willem Robert van HageMarieke van ErpV√©ronique Malais√©,2012,http://link.springer.com/article/10.1007/s13740-012-0009-6,Article
"Constructing a Site for Publishing Open Data of the Ministry of Economy, Trade, and Industry",New Generation Computing,,34,4,10.1007/s00354-016-0403-y,Yu AsanoSeiji KoideMakoto IwayamaFumihiro KatoIwao KobayashiTadashi MimaIkki OhmukaiHideaki Takeda,2016,http://link.springer.com/article/10.1007/s00354-016-0403-y,Article
Choquet integral for record linkage,Annals of Operations Research,,195,1,10.1007/s10479-011-0989-x,Daniel AbrilGuillermo Navarro-ArribasVicen√ß Torra,2012,http://link.springer.com/article/10.1007/s10479-011-0989-x,Article
Discovering meaning on the go in large heterogenous data,Artificial Intelligence Review,,40,2,10.1007/s10462-012-9377-4,Harry HalpinFiona McNeill,2013,http://link.springer.com/article/10.1007/s10462-012-9377-4,Article
Crowdsourcing chart digitizer: task design and quality control for making legacy open data machine-readable,International Journal of Data Science and Analytics,,2,1‘¬2»’,10.1007/s41060-016-0025-y,Satoshi OyamaYukino BabaIkki OhmukaiHiroaki DokoshiHisashi Kashima,2016,http://link.springer.com/article/10.1007/s41060-016-0025-y,Article
The Semantic Web: Collective Intelligence on the Web,Informatik-Spektrum,,34,5,10.1007/s00287-011-0535-x,Maciej JanikAnsgar ScherpSteffen Staab,2011,http://link.springer.com/article/10.1007/s00287-011-0535-x,Article
Cross-media analysis and reasoning: advances and directions,Frontiers of Information Technology & Electronic Engineering,,18,1,10.1631/FITEE.1601787,Yu-xin PengWen-wu ZhuYao ZhaoChang-sheng XuQing-ming HuangHan-qing LuQing-hua ZhengTie-jun HuangWen Gao,2017,http://link.springer.com/article/10.1631/FITEE.1601787,Article
Nudging: A Very Short Guide,Journal of Consumer Policy,,37,4,10.1007/s10603-014-9273-1,Cass R. Sunstein,2014,http://link.springer.com/article/10.1007/s10603-014-9273-1,Article
A distributed smart fusion framework based on hard and soft sensors,International Journal of Information Technology,,9,1,10.1007/s41870-017-0008-9,Girija ChettyMohammad Yamin,2017,http://link.springer.com/article/10.1007/s41870-017-0008-9,Article
Growing triples on trees: an XML-RDF hybrid model for annotated documents,The VLDB Journal,,22,5,10.1007/s00778-013-0321-2,Fran√ßois Goasdou√©Konstantinos KaranasosYannis KatsisJulien LeblayIoana ManolescuStamatis Zampetakis,2013,http://link.springer.com/article/10.1007/s00778-013-0321-2,Article
RDF in the clouds: a survey,The VLDB Journal,,24,1,10.1007/s00778-014-0364-z,Zoi KaoudiIoana Manolescu,2015,http://link.springer.com/article/10.1007/s00778-014-0364-z,Article
The SPARQL2XQuery interoperability framework,World Wide Web,,18,2,10.1007/s11280-013-0257-x,Nikos BikakisChrisa TsinarakiIoannis StavrakantonakisNektarios GioldasisStavros Christodoulakis,2015,http://link.springer.com/article/10.1007/s11280-013-0257-x,Article
"Analysis of schema structures in the Linked Open Data graph based on unique subject URIs, pay-level domains, and vocabulary usage",Distributed and Parallel Databases,,33,4,10.1007/s10619-014-7143-0,Thomas GottronMalte KnaufAnsgar Scherp,2015,http://link.springer.com/article/10.1007/s10619-014-7143-0,Article
Big data for development: applications and techniques,Big Data Analytics,,1,1,10.1186/s41044-016-0002-4,Anwaar AliJunaid QadirRaihan ur RasoolArjuna SathiaseelanAndrej ZwitterJon Crowcroft,2016,http://link.springer.com/article/10.1186/s41044-016-0002-4,Article
Singapore‚Äôs Vehicle Quota System and its impact on motorcycles,Transportation,,,,10.1007/s11116-017-9772-4,Singfat Chu,2017,http://link.springer.com/article/10.1007/s11116-017-9772-4,Article
Evaluation of Microalgae Biofuel Production Potential and Cultivation Sites Using Geographic Information Systems: A Review,BioEnergy Research,,8,4,10.1007/s12155-015-9623-0,B. SharmaE. BrandesA. KhanchiS. BirrellE. HeatonF. E. Miguez,2015,http://link.springer.com/article/10.1007/s12155-015-9623-0,Article
A comprehensive model for management and validation of federal big data analytical systems,Big Data Analytics,,2,1,10.1186/s41044-016-0017-x,Feras A. BatarsehRuixin YangLin Deng,2017,http://link.springer.com/article/10.1186/s41044-016-0017-x,Article
Crime and immigration: new evidence from England and Wales,IZA Journal of Migration,,2,1,10.1186/2193-9039-2-19,Laura JaitmanStephen Machin,2013,http://link.springer.com/article/10.1186/2193-9039-2-19,Article
The Impact of 7-valent Pneumococcal Conjugate Vaccine on Invasive Pneumococcal Disease: A Literature Review,Advances in Therapy,,30,2,10.1007/s12325-013-0007-6,Tin Tin Htar MyintHarish MadhavaPaul BalmerDina ChristopoulouSepideh AttalDamianos MenegasRalf SprengerEric Bonnet,2013,http://link.springer.com/article/10.1007/s12325-013-0007-6,Article
Field Survey Following the 28 October 2012 Haida Gwaii Tsunami,Pure and Applied Geophysics,,171,12,10.1007/s00024-014-0792-0,L. J. LeonardJ. M. Bednarski,2014,http://link.springer.com/article/10.1007/s00024-014-0792-0,Article
Metamodel to support decision-making from open government data,Journal of Ambient Intelligence and Humanized Computing,,,,10.1007/s12652-016-0443-7,Luz Andrea Rodr√≠guez RojasJuan Manuel Cueva LovelleGiovanny Mauricio Tarazona Berm√∫dezCarlos Enrique MontenegroElena Gim√©nez de OryRub√©n Ar√≠stides Gonz√°lez Crespo,2017,http://link.springer.com/article/10.1007/s12652-016-0443-7,Article
Applying model-driven engineering to the development of Rich Internet Applications for Business Intelligence,Information Systems Frontiers,,15,3,10.1007/s10796-012-9402-9,Jes√∫s M. HermidaSantiago Meli√°Andr√©s MontoyoJaime G√≥mez,2013,http://link.springer.com/article/10.1007/s10796-012-9402-9,Article
Ethics and Epistemology in Big Data Research,Journal of Bioethical Inquiry,,,,10.1007/s11673-017-9771-3,Wendy LipworthPaul H. MasonIan KerridgeJohn P. A. Ioannidis,2017,http://link.springer.com/article/10.1007/s11673-017-9771-3,Article
The political economy of the disability insurance: theory and evidence of gubernatorial learning,IZA Journal of Labor Policy,,3,1,10.1186/2193-9004-3-16,Radha IyengarGiovanni Mastrobuoni,2014,http://link.springer.com/article/10.1186/2193-9004-3-16,Article
Long-range prediction of Indian summer monsoon rainfall using data mining and statistical approaches,Theoretical and Applied Climatology,,,,10.1007/s00704-016-1862-2,Vathsala HShashidhar G. Koolagudi,2016,http://link.springer.com/article/10.1007/s00704-016-1862-2,Article
A semantically enabled metadata repository for scientific data,Earth Science Informatics,,8,3,10.1007/s12145-014-0175-1,Anne WilsonMichael CoxDon ElsborgDoug LindholmTyler Traver,2015,http://link.springer.com/article/10.1007/s12145-014-0175-1,Article
Effects of Landscape Fragmentation and Climate on Lyme Disease Incidence in the Northeastern United States,EcoHealth,,10,4,10.1007/s10393-013-0890-y,Phoebe Minh TranLance Waller,2013,http://link.springer.com/article/10.1007/s10393-013-0890-y,Article
Distributed RDFS Reasoning Over Structured Overlay Networks,Journal on Data Semantics,,2,4,10.1007/s13740-013-0018-0,Zoi KaoudiManolis Koubarakis,2013,http://link.springer.com/article/10.1007/s13740-013-0018-0,Article
Linked Data and multimedia: the state of affairs,Multimedia Tools and Applications,,59,2,10.1007/s11042-011-0762-9,Bernhard SchandlBernhard HaslhoferTobias B√ºrgerAndreas LangeggerWolfgang Halb,2012,http://link.springer.com/article/10.1007/s11042-011-0762-9,Article
Research Note: An Introduction to the Economic Analysis of Open Data,The Review of Socionetwork Strategies,,8,2,10.1007/s12626-014-0048-6,Soichiro Takagi,2014,http://link.springer.com/article/10.1007/s12626-014-0048-6,Article
A Web Based Information System for Planning Support in Barnsley,Applied Spatial Analysis and Policy,,8,2,10.1007/s12061-015-9134-6,Riley Marsden,2015,http://link.springer.com/article/10.1007/s12061-015-9134-6,Article
Emerging data: Creating analytical value from government administrative files,"Journal of Direct, Data and Digital Marketing Practice",,17,4,10.1057/s41263-016-0004-y,Keith Dugmore,2016,http://link.springer.com/article/10.1057/s41263-016-0004-y,Article
Associations between access to recreational physical activity facilities and body mass index in Scottish adults,BMC Public Health,,16,1,10.1186/s12889-016-3444-8,Anne EllawayKaren E. LambNeil S. FergusonDavid Ogilvie,2016,http://link.springer.com/article/10.1186/s12889-016-3444-8,Article
Inequality in water supply in India: an assessment using the Gini and Theil indices,"Environment, Development and Sustainability",,,,10.1007/s10668-017-9913-0,Krishna MalakarTrupti MishraAnand Patwardhan,2017,http://link.springer.com/article/10.1007/s10668-017-9913-0,Article
Open Data Institute/Institute of Direct and Digital Marketing joint event,"Journal of Direct, Data and Digital Marketing Practice",,15,2,10.1057/dddmp.2013.55,David Reed,2013,http://link.springer.com/article/10.1057/dddmp.2013.55,Article
Online platform for applying space‚Äìtime scan statistics for prospectively detecting emerging hot spots of dengue fever,International Journal of Health Geographics,,15,1,10.1186/s12942-016-0072-6,Chien-Chou ChenYung-Chu TengBo-Cheng LinI-Chun FanTa-Chien Chan,2016,http://link.springer.com/article/10.1186/s12942-016-0072-6,Article
Associations between objectively assessed child and parental physical activity: a cross-sectional study of families with 5‚Ä? year old children,BMC Public Health,,14,1,10.1186/1471-2458-14-655,Russell JagoSimon J SebireLesley WoodLaura PoolJesmond ZahraJanice L ThompsonDeborah A Lawlor,2014,http://link.springer.com/article/10.1186/1471-2458-14-655,Article
How global is U.S. Major League Baseball? A historical and geographic perspective,GeoJournal,,77,3,10.1007/s10708-011-9406-x,Ke ChenCharles GunterChunhua Zhang,2012,http://link.springer.com/article/10.1007/s10708-011-9406-x,Article
Behavior change interventions: the potential of ontologies for advancing science and practice,Journal of Behavioral Medicine,,40,1,10.1007/s10865-016-9768-0,Kai R. LarsenSusan MichieEric B. HeklerBryan GibsonDonna Spruijt-MetzDavid AhernHeather Cole-LewisRebecca J. Bartlett EllisBradford HesseRichard P. MoserJean Yi,2017,http://link.springer.com/article/10.1007/s10865-016-9768-0,Article
Efficiency analysis of non-homogeneous parallel sub-unit systems for the performance measurement of higher education,Annals of Operations Research,,,,10.1007/s10479-017-2586-0,Sanjeet SinghPrabhat Ranjan,2017,http://link.springer.com/article/10.1007/s10479-017-2586-0,Article
A general approach to the measurement of change in fuzzy concept lattices,Soft Computing,,17,12,10.1007/s00500-013-1095-6,T. P. MartinN. H. Abd RahimA. Majidian,2013,http://link.springer.com/article/10.1007/s00500-013-1095-6,Article
Challenges in predicting invasive reservoir hosts of emerging pathogens: mapping Rhododendron ponticum as a foliar host for Phytophthora ramorum and Phytophthora kernoviae in the UK,Biological Invasions,,15,3,10.1007/s10530-012-0305-y,Bethan V. PursePhilipp GraeserKate SearleColin EdwardsCatriona Harris,2013,http://link.springer.com/article/10.1007/s10530-012-0305-y,Article
"Big Data and Health Economics: Strengths, Weaknesses, Opportunities and Threats",PharmacoEconomics,,34,2,10.1007/s40273-015-0306-7,Brendan Collins,2016,http://link.springer.com/article/10.1007/s40273-015-0306-7,Article
Ontology-based mobile augmented reality in cultural heritage sites: information modeling and user study,Multimedia Tools and Applications,,,,10.1007/s11042-017-4868-6,Hayun KimTam√°s MatuszkaJea-In KimJungwha KimWoontack Woo,2017,http://link.springer.com/article/10.1007/s11042-017-4868-6,Article
Navigating Disaster: An Empirical Study of Federal Assistance Following Hurricane Sandy,Eastern Economic Journal,,,,10.1057/s41302-017-0098-x,Laura E. GrubeRosemarie FikeVirgil Henry Storr,2017,http://link.springer.com/article/10.1057/s41302-017-0098-x,Article
Future technology developments and policy directions for the V-World open platform,Spatial Information Research,,24,3,10.1007/s41324-016-0034-x,Byeongsun KimMinwoo JeongDongbin Shin,2016,http://link.springer.com/article/10.1007/s41324-016-0034-x,Article
Mothers‚Ä?views of their preschool child‚Äôs screen-viewing behaviour: a qualitative study,BMC Public Health,,16,1,10.1186/s12889-016-3440-z,Georgina F. BentleyKatrina M. TurnerRussell Jago,2016,http://link.springer.com/article/10.1186/s12889-016-3440-z,Article
Analysis of agriculture data using data mining techniques: application of big data,Journal of Big Data,,4,1,10.1186/s40537-017-0077-4,Jharna MajumdarSneha NaraseeyappaShilpa Ankalaki,2017,http://link.springer.com/article/10.1186/s40537-017-0077-4,Article
"The Importance of Regional, System-Wide and Local Spatial Scales in Structuring Temperate Estuarine Fish Communities",Estuaries and Coasts,,37,3,10.1007/s12237-013-9720-2,F. J. ValesiniJ. R. TweedleyK. R. ClarkeI. C. Potter,2014,http://link.springer.com/article/10.1007/s12237-013-9720-2,Article
Big Data in product lifecycle management,The International Journal of Advanced Manufacturing Technology,,81,1‘¬4»’,10.1007/s00170-015-7151-x,Jingran LiFei TaoYing ChengLiangjin Zhao,2015,http://link.springer.com/article/10.1007/s00170-015-7151-x,Article
Towards certified open data in digital service ecosystems,Software Quality Journal,,,,10.1007/s11219-017-9378-2,Anne ImmonenEila OvaskaTuomas Paaso,2017,http://link.springer.com/article/10.1007/s11219-017-9378-2,Article
The X-mu representation of fuzzy sets,Soft Computing,,19,6,10.1007/s00500-014-1302-0,T. P. Martin,2015,http://link.springer.com/article/10.1007/s00500-014-1302-0,Article
Assessment of the resource base for engineered geothermal systems in Great Britain,Geothermal Energy,,5,1,10.1186/s40517-017-0066-z,Jon BusbyRicky Terrington,2017,http://link.springer.com/article/10.1186/s40517-017-0066-z,Article
Economic growth versus climate balancing: some reflections on the sustainable management of forest resource in India,DECISION,,42,2,10.1007/s40622-015-0090-4,Sarmila BanerjeeJayita Bit,2015,http://link.springer.com/article/10.1007/s40622-015-0090-4,Article
Change mining in evolving fuzzy concept lattices,Evolving Systems,,5,4,10.1007/s12530-014-9109-x,T. P. Martin,2014,http://link.springer.com/article/10.1007/s12530-014-9109-x,Article
The stability of geodemographic cluster assignments over an intercensal period,Journal of Geographical Systems,,18,2,10.1007/s10109-016-0226-x,Alexander SingletonMichail PavlisPaul A. Longley,2016,http://link.springer.com/article/10.1007/s10109-016-0226-x,Article
Sedentary time among spouses: a cross-sectional study exploring associations in sedentary time and behaviour in parents of 5 and 6¬†year old children,BMC Research Notes,,8,1,10.1186/s13104-015-1758-8,Lesley WoodRussell JagoSimon J. SebireJesmond ZahraJanice L. Thompson,2015,http://link.springer.com/article/10.1186/s13104-015-1758-8,Article
Applications of big data to smart cities,Journal of Internet Services and Applications,,6,1,10.1186/s13174-015-0041-5,Eiman Al NuaimiHind Al NeyadiNader MohamedJameela Al-Jaroodi,2015,http://link.springer.com/article/10.1186/s13174-015-0041-5,Article
Assessing the predictability of different kinds of models in estimating impacts of climatic factors on food grain availability in India,OPSEARCH,,,,10.1007/s12597-017-0314-9,Manojit ChattopadhyaySubrata Kumar Mitra,2017,http://link.springer.com/article/10.1007/s12597-017-0314-9,Article
The social distributional hypothesis: a pragmatic proxy for homophily in online social networks,Social Network Analysis and Mining,,4,1,10.1007/s13278-014-0216-2,Folke MitzlaffMartin AtzmuellerAndreas HothoGerd Stumme,2014,http://link.springer.com/article/10.1007/s13278-014-0216-2,Article
A study on semantic web design for global national R&D status analysis,Cluster Computing,,17,3,10.1007/s10586-013-0299-y,Lee Nam KwonKi Seok ChoiJae Soo KimSung Jin JhunYoung-Kuk Kim,2014,http://link.springer.com/article/10.1007/s10586-013-0299-y,Article
Anonymisation of geographical distance matrices via Lipschitz embedding,International Journal of Health Geographics,,15,1,10.1186/s12942-015-0031-7,Martin KrollRainer Schnell,2016,http://link.springer.com/article/10.1186/s12942-015-0031-7,Article
Cash-on-hand and demand for credit,Empirical Economics,,52,3,10.1007/s00181-016-1213-2,Can Cui,2017,http://link.springer.com/article/10.1007/s00181-016-1213-2,Article
"A new data science research program: evaluation, metrology, standards, and community outreach",International Journal of Data Science and Analytics,,1,3‘¬4»’,10.1007/s41060-016-0016-z,Bonnie J. DorrCraig S. GreenbergPeter FontanaMark PrzybockiMarion Le BrasCathryn PloehnOleg AulovMartial MichelE. Jim GoldenWo Chang,2016,http://link.springer.com/article/10.1007/s41060-016-0016-z,Article
Spatial variation of different rain systems during El Ni√±o and La Ni√±a periods over India and adjoining ocean,Climate Dynamics,,,,10.1007/s00382-017-3833-4,K. SaikranthiBasivi RadhakrishnaS. K. SatheeshT. Narayana Rao,2017,http://link.springer.com/article/10.1007/s00382-017-3833-4,Article
A cross-sectional study on health differences between rural and non-rural U.S. counties using the County Health Rankings,BMC Health Services Research,,15,1,10.1186/s12913-015-1053-3,Timothy J. AndersonDaniel M. SamanMartin S. LipskyM. Nawal Lutfiyya,2015,http://link.springer.com/article/10.1186/s12913-015-1053-3,Article
"The Reproductive Ecology of Industrial Societies, Part I",Human Nature,,27,4,10.1007/s12110-016-9269-4,Gert StulpRebecca SearLouise Barrett,2016,http://link.springer.com/article/10.1007/s12110-016-9269-4,Article
"Ownership identity, strategy and performance: Business group affiliates versus independent firms in India",Asia Pacific Journal of Management,,34,2,10.1007/s10490-016-9477-9,Sumon Kumar BhaumikSaul EstrinTomasz Mickiewicz,2017,http://link.springer.com/article/10.1007/s10490-016-9477-9,Article
A method to evaluate the usability of interactive climate change impact decision aids,Climatic Change,,126,3‘¬4»’,10.1007/s10584-014-1226-9,Gabrielle Wong-ParodiBaruch FischhoffBen Strauss,2014,http://link.springer.com/article/10.1007/s10584-014-1226-9,Article
Towards cloud based big data analytics for smart future cities,Journal of Cloud Computing,,4,1,10.1186/s13677-015-0026-8,Zaheer KhanAshiq AnjumKamran SoomroMuhammad Atif Tahir,2015,http://link.springer.com/article/10.1186/s13677-015-0026-8,Article
Real-time processing of spatial attribute information for mobile web based on standard web framework and HTML5,Spatial Information Research,,24,2,10.1007/s41324-016-0011-4,Kwangseob KimKiwon Lee,2016,http://link.springer.com/article/10.1007/s41324-016-0011-4,Article
Biochemical profiles of Indian donkey population located in six different agro-climatic zones,Comparative Clinical Pathology,,25,3,10.1007/s00580-016-2242-0,A. K. GuptaSanjay KumarParvati SharmaYash PalR. K. DedarJitender SinghAnuradha BhardwajManoj BrahmaneAjay RautS. C. YadavBirendra Kumar,2016,http://link.springer.com/article/10.1007/s00580-016-2242-0,Article
Towards a global participatory platform,The European Physical Journal Special Topics,,214,1,10.1140/epjst/e2012-01690-3,S. Buckingham ShumK. AbererA. SchmidtS. BishopP. LukowiczS. AndersonY. CharalabidisJ. DomingueS. de FreitasI. DunwellB. EdmondsF. GreyM. HaklayM. JelasityA. Karpi≈°t≈°enkoJ. Kohlhammer,2012,http://link.springer.com/article/10.1140/epjst/e2012-01690-3,Article
S3QL: A distributed domain specific language for controlled semantic integration of life sciences data,BMC Bioinformatics,,12,1,10.1186/1471-2105-12-285,Helena F DeusMiri√£ C CorreaRomesh StanislausMaria MiragaiaWolfgang MaassHerm√≠nia de LencastreRonan FoxJonas S Almeida,2011,http://link.springer.com/article/10.1186/1471-2105-12-285,Article
"Microplastic Ingestion by Wild and Cultured Manila Clams (Venerupis philippinarum) from Baynes Sound, British Columbia",Archives of Environmental Contamination and Toxicology,,71,2,10.1007/s00244-016-0286-4,Katie DavidsonSarah E. Dudas,2016,http://link.springer.com/article/10.1007/s00244-016-0286-4,Article
Public access to NHS financial information: From a freedom of information regime to full open-book governance?,Social Theory & Health,,13,2,10.1057/sth.2014.19,Sean TunneyJane Thomas,2015,http://link.springer.com/article/10.1057/sth.2014.19,Article
"Implementation of a workflow for publishing citeable environmental data: successes, challenges and opportunities from a data centre perspective",International Journal on Digital Libraries,,18,2,10.1007/s00799-016-0175-5,Kathryn A. HarrisonDaniel G. WrightPhilip Trembath,2017,http://link.springer.com/article/10.1007/s00799-016-0175-5,Article
"Concentrations and isotopic characteristics of atmospheric reactive nitrogen around typical sources in Beijing, China",Journal of Arid Land,,8,6,10.1007/s40333-016-0020-0,Jieyun LiuYing ZhangXuejun LiuAohan TangHusen QiuFusuo Zhang,2016,http://link.springer.com/article/10.1007/s40333-016-0020-0,Article
Agri-health research: what have we learned and where do we go next?,Food Security,,8,1,10.1007/s12571-015-0540-z,Fiorella PicchioniLukasz AleksandrowiczMieghan M. BruceSoledad CuevasPaula Dominguez-SalasLili JiaMehroosh Tak,2016,http://link.springer.com/article/10.1007/s12571-015-0540-z,Article
"Ideas in Public Management Reform for the 2010s. Digitalization, Value Creation and Involvement",Public Organization Review,,15,1,10.1007/s11115-013-0253-8,Carsten Greve,2015,http://link.springer.com/article/10.1007/s11115-013-0253-8,Article
Intra-annual dynamics of water stress in the central Indian Highlands from 2002 to 2012,Regional Environmental Change,,16,1,10.1007/s10113-016-1017-0,Benjamin ClarkRuth DeFriesJagdish Krishnaswamy,2016,http://link.springer.com/article/10.1007/s10113-016-1017-0,Article
Estimating parameters for probabilistic linkage of privacy-preserved datasets,BMC Medical Research Methodology,,17,1,10.1186/s12874-017-0370-0,Adrian P. BrownSean M. RandallAnna M. FerranteJames B. SemmensJames H. Boyd,2017,http://link.springer.com/article/10.1186/s12874-017-0370-0,Article
CITIESData: a smart city data management framework,Knowledge and Information Systems,,,,10.1007/s10115-017-1051-3,Xiufeng LiuAlfred HellerPer Sieverts Nielsen,2017,http://link.springer.com/article/10.1007/s10115-017-1051-3,Article
Asymmetric impact of rainfall on India‚Äôs food grain production: evidence from quantile autoregressive distributed lag model,Theoretical and Applied Climatology,,,,10.1007/s00704-016-1942-3,Debdatta PalSubrata Kumar Mitra,2016,http://link.springer.com/article/10.1007/s00704-016-1942-3,Article
Why is Data Sharing in Collaborative Natural Resource Efforts so Hard and What can We Do to Improve it?,Environmental Management,,53,5,10.1007/s00267-014-0258-2,Carol J. VolkYasmin LuceroKatie Barnas,2014,http://link.springer.com/article/10.1007/s00267-014-0258-2,Article
Tropospheric ozone pollution in India: effects on crop yield and product quality,Environmental Science and Pollution Research,,24,5,10.1007/s11356-016-8178-8,Aditya Abha SinghS. B. Agrawal,2017,http://link.springer.com/article/10.1007/s11356-016-8178-8,Article
Comparative decision models for anticipating shortage of food grain production in India,Theoretical and Applied Climatology,,,,10.1007/s00704-016-1961-0,Manojit ChattopadhyaySubrata Kumar Mitra,2016,http://link.springer.com/article/10.1007/s00704-016-1961-0,Article
Four reference models for transparency requirements in information systems,Requirements Engineering,,,,10.1007/s00766-017-0265-y,Mahmood HosseiniAlimohammad ShahriKeith PhalpRaian Ali,2017,http://link.springer.com/article/10.1007/s00766-017-0265-y,Article
Critical review of elementary flows in LCA data,The International Journal of Life Cycle Assessment,,,,10.1007/s11367-017-1354-3,Ashley EdelenWesley W. IngwersenCristina Rodr√≠guezRodrigo A. F. AlvarengaArtur Ribeiro de AlmeidaGregor Wernet,2017,http://link.springer.com/article/10.1007/s11367-017-1354-3,Article
Introducing prior knowledge for a hybrid accident prediction model,KSCE Journal of Civil Engineering,,21,5,10.1007/s12205-016-0495-4,Ali MansourkhakiAbolfazl KarimpourHadi Sadoghi Yazdi,2017,http://link.springer.com/article/10.1007/s12205-016-0495-4,Article
Effects of local drought condition on public opinions about water supply and future climate change,Climatic Change,,132,2,10.1007/s10584-015-1425-z,Jason M. EvansJon CalabriaTatiana BorisovaDiane E. BoellstorfNicki SochackaMichael D. SmolenRobert L. MahlerL. Mark Risse,2015,http://link.springer.com/article/10.1007/s10584-015-1425-z,Article
The Futurium‚Äîa Foresight Platform for Evidence-Based and Participatory Policymaking,Philosophy & Technology,,26,3,10.1007/s13347-013-0108-9,Franco Accordino,2013,http://link.springer.com/article/10.1007/s13347-013-0108-9,Article
Possible impacts of climate change on hydrologic cycle in Slovakia and results of observations in 1951‚Ä?007,Biologia,,64,3,10.2478/s11756-009-0097-4,Milan LapinMartin GeraJ√°n HrvoƒΩMari√°n MeloJ√°n Tomlain,2009,http://link.springer.com/article/10.2478/s11756-009-0097-4,Article
Microtremor study for evaluating the site response characteristics in the Surat City of western India,Natural Hazards,,,,10.1007/s11069-017-3012-2,A. P. SinghAbhijitsinh ParmarSumer Chopra,2017,http://link.springer.com/article/10.1007/s11069-017-3012-2,Article
Navigation of interactive sonifications and visualisations of time-series data using multi-touch computing,Journal on Multimodal User Interfaces,,5,3‘¬4»’,10.1007/s12193-011-0075-3,Sam FergusonKirsty BeilharzClaudia A. Cal√≤,2012,http://link.springer.com/article/10.1007/s12193-011-0075-3,Article
Randomised feasibility trial of a teaching assistant led extracurricular physical activity intervention for 9 to 11 year olds: Action 3:30,International Journal of Behavioral Nutrition and Physical Activity,,11,1,10.1186/s12966-014-0114-z,Russell JagoSimon J SebireBen DaviesLesley WoodMark J EdwardsKathryn BanfieldKenneth R FoxJanice L ThompsonJane E PowellAlan A Montgomery,2014,http://link.springer.com/article/10.1186/s12966-014-0114-z,Article
FinTech in Taiwan: a case study of a Bank‚Äôs strategic planning for an investment in a FinTech company,Financial Innovation,,2,1,10.1186/s40854-016-0037-6,Jui-Long HungBinjie Luo,2016,http://link.springer.com/article/10.1186/s40854-016-0037-6,Article
Weight status misperceptions among UK adults: the use of self-reported vs. measured BMI,BMC Obesity,,3,1,10.1186/s40608-016-0102-8,Eric RobinsonMelissa Oldham,2016,http://link.springer.com/article/10.1186/s40608-016-0102-8,Article
Experiences of a ‚Äúsemantics smackdown‚Ä?Earth Science Informatics,,9,3,10.1007/s12145-016-0252-8,Adam M. LeadbetterAdam ShepherdRobert ArkoCynthia ChandlerYanning ChenNkemdirim DockeryRenata FerreiraLinyun FuRobert ThomasPatrick WestStephan Zednik,2016,http://link.springer.com/article/10.1007/s12145-016-0252-8,Article,
Driving public sector innovation using big and open linked data (BOLD),Information Systems Frontiers,,19,2,10.1007/s10796-017-9746-2,Marijn JanssenDavid KonopnickiJane L. SnowdonAdegboyega Ojo,2017,http://link.springer.com/article/10.1007/s10796-017-9746-2,Article
Sedimentary macrofossil records reveal ecological change in English lakes: implications for conservation,Journal of Paleolimnology,,,,10.1007/s10933-017-9941-7,Helen BennionCarl D. SayerStewart J. ClarkeThomas A. DavidsonNeil L. RoseBen GoldsmithRuth RawcliffeAmy BurgessGina ClarkeSimon TurnerEmma Wiik,2017,http://link.springer.com/article/10.1007/s10933-017-9941-7,Article
Progress and Challenges in Coupled Hydrodynamic-Ecological Estuarine Modeling,Estuaries and Coasts,,39,2,10.1007/s12237-015-0011-y,Neil K. GanjuMark J. BrushBrenda RashleighAlfredo L. AretxabaletaPilar del BarrioJason S. GrearLora A. HarrisSamuel J. LakeGrant McCardellJames O‚ÄôDonnellDavid K. RalstonRichard P. SignellJeremy M. TestaJamie M. P. Vaudrey,2016,http://link.springer.com/article/10.1007/s12237-015-0011-y,Article
Forced residential mobility and social support: impacts on psychiatric disorders among Somali migrants,BMC International Health and Human Rights,,12,1,10.1186/1472-698X-12-4,Kamaldeep BhuiSalaad MohamudNasir WarfaSarah CurtisStephen StansfeldTom Craig,2012,http://link.springer.com/article/10.1186/1472-698X-12-4,Article
Variability of tropospheric columnar NO2 and SO2 over eastern Indo-Gangetic Plain and impact of meteorology,"Air Quality, Atmosphere & Health",,10,5,10.1007/s11869-016-0451-y,Debreka GhoshShyam LalUjjaini Sarkar,2017,http://link.springer.com/article/10.1007/s11869-016-0451-y,Article
The County Health Rankings: rationale and methods,Population Health Metrics,,13,1,10.1186/s12963-015-0044-2,Patrick L RemingtonBridget B CatlinKeith P Gennuso,2015,http://link.springer.com/article/10.1186/s12963-015-0044-2,Article
The development and application of remote sensing to monitor sand dune habitats,Journal of Coastal Conservation,,,,10.1007/s11852-017-0504-x,JM BrownettRS Mills,2017,http://link.springer.com/article/10.1007/s11852-017-0504-x,Article
Network Load Predictions Based on Big Data and the Utilization of Self-Organizing Maps,Journal of Network and Systems Management,,22,2,10.1007/s10922-013-9285-1,Aimilia BantounaGiorgos PouliosKostas TsagkarisPanagiotis Demestichas,2014,http://link.springer.com/article/10.1007/s10922-013-9285-1,Article
A Bayesian Network model for predicting cooling load of commercial buildings,Building Simulation,,,,10.1007/s12273-017-0382-z,Sen HuangWangda ZuoMichael D. Sohn,2017,http://link.springer.com/article/10.1007/s12273-017-0382-z,Article
Meeting the challenge of environmental data publication: an operational infrastructure and workflow for publishing data,International Journal on Digital Libraries,,18,2,10.1007/s00799-016-0176-4,Daniel G. WrightPhilip TrembathKathryn A. Harrison,2017,http://link.springer.com/article/10.1007/s00799-016-0176-4,Article
"Metamedia, or, How I gave up control and learned to love the sandbox",Journal of Digital Asset Management,,6,5,10.1057/dam.2010.33,Madi Weland Solomon,2010,http://link.springer.com/article/10.1057/dam.2010.33,Article
Change in children‚Äôs physical activity and sedentary time between Year 1 and Year 4 of primary school in the B-PROACT1V cohort,International Journal of Behavioral Nutrition and Physical Activity,,14,1,10.1186/s12966-017-0492-0,Russell JagoEmma Solomon-MooreCorrie Macdonald-WallisSimon J. SebireJanice L. ThompsonDeborah A. Lawlor,2017,http://link.springer.com/article/10.1186/s12966-017-0492-0,Article
"Uncovering blind spots in urban carbon management: the role of consumption-based carbon accounting in Bristol, UK",Regional Environmental Change,,17,5,10.1007/s10113-017-1112-x,Joel Millward-HopkinsAndrew GouldsonKate ScottJohn BarrettAndrew Sudmant,2017,http://link.springer.com/article/10.1007/s10113-017-1112-x,Article
Probabilistic time-dependent vehicle routing problem,Central European Journal of Operations Research,,,,10.1007/s10100-016-0459-2,Tom√°≈° Re≈ænarJan MartinoviƒçKate≈ôina Slaninov√°Ekaterina GrakovaV√≠t Vondr√°k,2016,http://link.springer.com/article/10.1007/s10100-016-0459-2,Article
Using small cities to understand the crowd behind OpenStreetMap,GeoJournal,,82,3,10.1007/s10708-015-9695-6,Sterling Quinn,2017,http://link.springer.com/article/10.1007/s10708-015-9695-6,Article
Smart cities of the future,The European Physical Journal Special Topics,,214,1,10.1140/epjst/e2012-01703-3,M. BattyK. W. AxhausenF. GiannottiA. PozdnoukhovA. BazzaniM. WachowiczG. OuzounisY. Portugali,2012,http://link.springer.com/article/10.1140/epjst/e2012-01703-3,Article
Big data analytics,Resonance,,21,8,10.1007/s12045-016-0376-7,V. Rajaraman,2016,http://link.springer.com/article/10.1007/s12045-016-0376-7,Article
Data Services with uncertain and correlated semantics,World Wide Web,,19,1,10.1007/s11280-014-0317-x,Abdelhamid MalkiDjamal BenslimaneSidi-Mohamed BenslimaneMahmoud BarhamgiMimoun MalkiParisa GhodousKhalil Drira,2016,http://link.springer.com/article/10.1007/s11280-014-0317-x,Article
"School travel mode, parenting practices and physical activity among UK Year 5 and 6 children",BMC Public Health,,14,1,10.1186/1471-2458-14-370,Russell JagoLesley WoodSimon J SebireMark J EdwardsBen DaviesKathryn BanfieldKenneth R FoxJanice L ThompsonAshley R CooperAlan A Montgomery,2014,http://link.springer.com/article/10.1186/1471-2458-14-370,Article
A cross-sectional analysis of green space prevalence and mental wellbeing in England,BMC Public Health,,17,1,10.1186/s12889-017-4401-x,Victoria HouldenScott WeichStephen Jarvis,2017,http://link.springer.com/article/10.1186/s12889-017-4401-x,Article
Physical and dynamical oceanography of Liverpool Bay,Ocean Dynamics,,61,9,10.1007/s10236-011-0431-6,Jeffrey A. PoltonMatthew Robert PalmerMichael John Howarth,2011,http://link.springer.com/article/10.1007/s10236-011-0431-6,Article
"Maternal obesity, environmental factors, cesarean delivery and breastfeeding as determinants of overweight and obesity in children: results from a cohort",BMC Pregnancy and Childbirth,,15,1,10.1186/s12884-015-0518-z,Daniel S PortelaTatiana O VieiraSheila MA MatosNelson F de OliveiraGraciete O Vieira,2015,http://link.springer.com/article/10.1186/s12884-015-0518-z,Article
"Exploring the geophysical and socio-economic determinants of land cover changes in Eastern Mau forest reserve and Lake Nakuru drainage basin, Kenya",GeoJournal,,79,6,10.1007/s10708-014-9525-2,Kennedy Were√òystein B. DickBal R. Singh,2014,http://link.springer.com/article/10.1007/s10708-014-9525-2,Article
"An integrated study of human and animal infectious disease in the Lake Victoria crescent small-holder crop-livestock production system, Kenya",BMC Infectious Diseases,,17,1,10.1186/s12879-017-2559-6,Eric M. F√®vreWilliam A. de GlanvilleLian F. ThomasElizabeth A. J. CookSamuel KariukiClaire N. Wamae,2017,http://link.springer.com/article/10.1186/s12879-017-2559-6,Article
Camels and Climate Resilience: Adaptation in Northern Kenya,Human Ecology,,44,6,10.1007/s10745-016-9858-1,Elizabeth E. WatsonHassan H. KochoreBulle Hallo Dabasso,2016,http://link.springer.com/article/10.1007/s10745-016-9858-1,Article
Colonial and post-colonial changes and impact on pastoral women‚Äôs roles and status,Pastoralism,,7,1,10.1186/s13570-017-0076-2,Fatuma B. Guyo,2017,http://link.springer.com/article/10.1186/s13570-017-0076-2,Article
"Determinants of climate change awareness level in upper Nyakach Division, Kisumu County, Kenya",SpringerPlus,,5,1,10.1186/s40064-016-2699-y,Chadwick O. AjuangPaul O. AbuomEsna K. BosireGabriel O. DidaDouglas N. Anyona,2016,http://link.springer.com/article/10.1186/s40064-016-2699-y,Article
A qualitative study using traditional community assemblies to investigate community perspectives on informed consent and research participation in western Kenya,BMC Medical Ethics,,13,1,10.1186/1472-6939-13-23,Rachel VreemanEunice KamaaraAllan KamandaDavid AyukuWinstone NyandikoLukoye AtwoliSamuel AyayaPeter GisoreMichael ScanlonPaula Braitstein,2012,http://link.springer.com/article/10.1186/1472-6939-13-23,Article
Are performance measurement systems useful? Perceptions from health care,BMC Health Services Research,,17,1,10.1186/s12913-017-2022-9,Chiara DemartiniSara Trucco,2017,http://link.springer.com/article/10.1186/s12913-017-2022-9,Article
Discerning Public Participation Requirements Under the US Clean Water Act,Water Resources Management,,24,10,10.1007/s11269-009-9541-z,Terence J. Centner,2010,http://link.springer.com/article/10.1007/s11269-009-9541-z,Article
State Regulations for Nursing Home Residents with Serious Mental Illness,Community Mental Health Journal,,49,4,10.1007/s10597-012-9527-9,Debra StreetVictor MolinariDonna Cohen,2013,http://link.springer.com/article/10.1007/s10597-012-9527-9,Article
The government‚Äôs role in the export of capital from Russia,Herald of the Russian Academy of Sciences,,84,5,10.1134/S1019331614050025,D. I. Kondratov,2014,http://link.springer.com/article/10.1134/S1019331614050025,Article
Russia as a Recruited Development Donor,The European Journal of Development Research,,27,2,10.1057/ejdr.2014.34,Patty A Gray,2015,http://link.springer.com/article/10.1057/ejdr.2014.34,Article
The Russian Tax System and Its International Competitiveness,Intereconomics,,43,5,10.1007/s10272-008-0263-x,Alexander PogorletskiyFritz S√∂llner,2008,http://link.springer.com/article/10.1007/s10272-008-0263-x,Article
The impact of road pricing on accidents: a note on Milan,Letters in Spatial and Resource Sciences,,9,3,10.1007/s12076-015-0163-1,Marco Percoco,2016,http://link.springer.com/article/10.1007/s12076-015-0163-1,Article
Finding the traces of behavioral and cognitive processes in big data and naturally occurring datasets,Behavior Research Methods,,,,10.3758/s13428-017-0874-x,Alexandra PaxtonThomas L. Griffiths,2017,http://link.springer.com/article/10.3758/s13428-017-0874-x,Article
Delineation and Quantification of Wetland Depressions in the Prairie Pothole Region of North Dakota,Wetlands,,36,2,10.1007/s13157-015-0731-6,Qiusheng WuCharles R. Lane,2016,http://link.springer.com/article/10.1007/s13157-015-0731-6,Article
Clinal Patterns in Genetic Variation for Northern Leopard Frog (Rana pipiens): Conservation Status and Population Histories,Wetlands,,36,2,10.1007/s13157-016-0847-3,Craig A. StockwellJustin D. L. FisherKyle I. McLean,2016,http://link.springer.com/article/10.1007/s13157-016-0847-3,Article
Grassland songbird occurrence on remnant prairie patches is primarily determined by landscape characteristics,Landscape Ecology,,32,5,10.1007/s10980-017-0500-4,Jessica L. ShahanBrett J. GoodwinBradley C. Rundquist,2017,http://link.springer.com/article/10.1007/s10980-017-0500-4,Article
"Multi-element composition of soils of seasonal wetlands across North Dakota, USA",Environmental Monitoring and Assessment,,188,1,10.1007/s10661-015-5013-5,A. H. YellickD. L. JacobE. S. DeKeyserC. L. M. HargissL. M. MeyersM. EllL. T. Kissoon-CharlesM. L. Otte,2015,http://link.springer.com/article/10.1007/s10661-015-5013-5,Article
"The User, not the Tool: Perceptions of Credibility and Relevance Affect the Uptake of Prioritisation",Environmental Management,,57,4,10.1007/s00267-015-0653-3,Milena Kiatkoski KimLouisa EvansLea M. ScherlHelene Marsh,2016,http://link.springer.com/article/10.1007/s00267-015-0653-3,Article
Risk matrix approach useful in adapting agriculture to climate change,Climatic Change,,138,1‘¬2»’,10.1007/s10584-016-1732-z,David H. CobonAllyson A. J. WilliamsBrendan PowerDavid McRaePeter Davis,2016,http://link.springer.com/article/10.1007/s10584-016-1732-z,Article
Improving at-site flood frequency analysis with additional spatial information: a probabilistic regional envelope curve approach,Stochastic Environmental Research and Risk Assessment,,,,10.1007/s00477-016-1303-x,Daryl LamChris ThompsonJacky Croke,2016,http://link.springer.com/article/10.1007/s00477-016-1303-x,Article
Farmers‚Ä?perceptions of coexistence between agriculture and a large scale coal seam gas development,Agriculture and Human Values,,,,10.1007/s10460-017-9801-0,Neil I. HuthBrett CocksNeal DalglieshPerry L. PoultonOswald MarinoniJavier Navarro Garcia,2017,http://link.springer.com/article/10.1007/s10460-017-9801-0,Article
A semantic geo-catalogue for a local administration,Artificial Intelligence Review,,40,2,10.1007/s10462-012-9353-z,Feroz FaraziVincenzo MalteseBiswanath DuttaAlexander IvanyukovichVeronica Rizzi,2013,http://link.springer.com/article/10.1007/s10462-012-9353-z,Article
"Neighborhood Social Capital in Relation to Late HIV Diagnosis, Linkage to HIV Care, and HIV Care Engagement",AIDS and Behavior,,21,3,10.1007/s10461-016-1581-9,Yusuf RansomeIchiro KawachiLorraine T. Dean,2017,http://link.springer.com/article/10.1007/s10461-016-1581-9,Article
Theoretical and technological building blocks for an innovation accelerator,The European Physical Journal Special Topics,,214,1,10.1140/epjst/e2012-01692-1,F. van HarmelenG. KampisK. B√∂rnerP. van den BesselaarE. SchultesC. GobleP. GrothB. MonsS. AndersonS. DeckerC. HayesT. BuechelerD. Helbing,2012,http://link.springer.com/article/10.1140/epjst/e2012-01692-1,Article
Data Semantics on the Web,Journal on Data Semantics,,1,1,10.1007/s13740-012-0003-z,Heiner Stuckenschmidt,2012,http://link.springer.com/article/10.1007/s13740-012-0003-z,Article
Ridership patterns at subway stations of Seoul capital area and characteristics of station influence area,KSCE Journal of Civil Engineering,,21,3,10.1007/s12205-016-1099-8,Mi-Kyeong KimSang-Pil KimJoon HeoHong-Gyoo Sohn,2017,http://link.springer.com.offcampus.lib.washington.edu/article/10.1007/s12205-016-1099-8,Article
Evolutionary Theory and Neighborhood Quality: A Multilevel Selection-inspired Approach to Studying Urban Property Conditions,Applied Research in Quality of Life,,11,2,10.1007/s11482-014-9328-0,Russell Weaver,2016,http://link.springer.com.offcampus.lib.washington.edu/article/10.1007/s11482-014-9328-0,Article
"Fifty years of water sensitive urban design, Salisbury, South Australia",Frontiers of Environmental Science & Engineering,,11,4,10.1007/s11783-017-0937-3,John C. RadcliffeDeclan PageBruce NaumannPeter Dillon,2017,http://link.springer.com/article/10.1007/s11783-017-0937-3,Article
A recent history of Australian crime prevention,Crime Prevention and Community Safety,,18,4,10.1057/s41300-016-0001-4,Garner ClanceyDaren FisherNatalie Yeung,2016,http://link.springer.com/article/10.1057/s41300-016-0001-4,Article
Impact of the invasive rust Puccinia psidii (myrtle rust) on native Myrtaceae in natural ecosystems in Australia,Biological Invasions,,18,1,10.1007/s10530-015-0996-y,Angus J. CarnegieAmrit KathuriaGeoff S. PeggPeter EntwistleMatthew NagelFiona R. Giblin,2016,http://link.springer.com/article/10.1007/s10530-015-0996-y,Article
Local-scale spatial modelling for interpolating climatic temperature variables to predict agricultural plant suitability,Theoretical and Applied Climatology,,124,3‘¬4»’,10.1007/s00704-015-1461-7,Mathew A. WebbAndrew HallDarren KiddBudiman Minansy,2016,http://link.springer.com/article/10.1007/s00704-015-1461-7,Article
"Supplemental host range of Araujia mosaic virus, a potential biological control agent of moth plant in New Zealand",Australasian Plant Pathology,,38,6,10.1071/AP09046,M. S. ElliottB. MasseyX. CuiE. HiebertR. CharudattanN. WaiparaL. Hayes,2009,http://link.springer.com/article/10.1071/AP09046,Article
Compounding Effects of Agricultural Land Use and Water Use in Free-Flowing Rivers: Confounding Issues for Environmental Flows,Environmental Management,,,,10.1007/s00267-017-0836-1,Scott A. HardieChris J. Bobbi,2017,http://link.springer.com/article/10.1007/s00267-017-0836-1,Article
Wild-sourced Chamelaucium uncinatum have no resistance to Puccinia psidii (myrtle rust),Australasian Plant Disease Notes,,10,1,10.1007/s13314-015-0167-0,P. A. TobiasR. F. ParkC. K√ºlheimD. I. Guest,2015,http://link.springer.com/article/10.1007/s13314-015-0167-0,Article
Locally weighted linear combination in a vector geographic information system,Journal of Geographical Systems,,16,3,10.1007/s10109-013-0194-3,Brad CarterClaus Rinner,2014,http://link.springer.com/article/10.1007/s10109-013-0194-3,Article
"Phylogenetic analysis of American hop latent virus in Humulus lupulus surveyed in Tasmania and Victoria, Australia",Australasian Plant Disease Notes,,9,1,10.1007/s13314-014-0140-3,Alison L. DannShane E. H√∂sselPeter A. CrossSimon P. Whittock,2014,http://link.springer.com/article/10.1007/s13314-014-0140-3,Article
The Tasmanian devil microbiome‚Äîimplications for conservation and management,Microbiome,,3,1,10.1186/s40168-015-0143-0,Yuanyuan ChengSamantha FoxDavid PembertonCarolyn HoggAnthony T. PapenfussKatherine Belov,2015,http://link.springer.com/article/10.1186/s40168-015-0143-0,Article
The implications of succession after fire for the conservation management of moorland invertebrate assemblages,Journal of Insect Conservation,,21,1,10.1007/s10841-016-9948-9,Michael M. DriessenJames B. Kirkpatrick,2017,http://link.springer.com/article/10.1007/s10841-016-9948-9,Article
Antigen-presenting genes and genomic copy number variations in the Tasmanian devil MHC,BMC Genomics,,13,1,10.1186/1471-2164-13-87,Yuanyuan ChengAndrew StuartKatrina MorrisRobyn TaylorHannah SiddleJanine DeakinMenna JonesChris T AmemiyaKatherine Belov,2012,http://link.springer.com/article/10.1186/1471-2164-13-87,Article
"The trophic ecology of two abundant mesopredators in south-east coastal waters of Tasmania, Australia",Marine Biology,,159,6,10.1007/s00227-012-1899-4,Jonah L. YickAdam BarnettSean R. Tracey,2012,http://link.springer.com/article/10.1007/s00227-012-1899-4,Article
The failure of the Stava Valley tailings dams (Northern Italy): numerical analysis of the flow dynamics and rheological properties,Geoenvironmental Disasters,,4,1,10.1186/s40677-016-0066-5,Marina PirulliMonica BarberoMaddalena MarchelliClaudio Scavia,2017,http://link.springer.com/article/10.1186/s40677-016-0066-5,Article
"Crime at Places and Spatial Concentrations: Exploring the Spatial Stability of Property Crime in Vancouver BC, 2003‚Ä?013",Journal of Quantitative Criminology,,33,2,10.1007/s10940-016-9295-8,Martin A. AndresenShannon J. LinningNick Malleson,2017,http://link.springer.com/article/10.1007/s10940-016-9295-8,Article
Interactive Effects of Vegetation Type and Topographic Position on Nitrogen Availability and Loss in a Temperate Montane Ecosystem,Ecosystems,,,,10.1007/s10021-016-0094-8,Samantha R. WeintraubPaul D. BrooksGabriel J. Bowen,2016,http://link.springer.com/article/10.1007/s10021-016-0094-8,Article
"IT resources, organizational capabilities, and value creation in public-sector organizations: a public-value management perspective",Journal of Information Technology,,29,3,10.1057/jit.2014.2,Min-Seok PangGwanhoo LeeWilliam H DeLone,2014,http://link.springer.com/article/10.1057/jit.2014.2,Article
Comparative analysis of public policies in open access models in Latin America. Brazil and Argentina cases,International Journal of Educational Technology in Higher Education,,12,1,10.7238/rusc.v12i1.1947,Karen Isabel Cabrera Pe√±a,2015,http://link.springer.com/article/10.7238/rusc.v12i1.1947,Article
Proceedings of the International Workshop ‚ÄòDevelopment of a National Diabetes Surveillance System in Germany ‚Ä?Core Indicators and Conceptual Framework‚Ä?BMC Proceedings,,11,3,10.1186/s12919-016-0070-5,Andrea TetiLars GabrysThomas ZieseChrista Scheidt-NaveChristin HeidemannLars GabrysChristian SchmidtAndrea TetiIngrid-Katharina WolfYong DuRebecca PaprottJens BaumertThomas ZieseChrista Scheidt-NaveEdward W. GreggLinda Geiss,2017,http://link.springer.com/article/10.1186/s12919-016-0070-5,Article,
Evaluation of self-swabbing coupled with a telephone health helpline as an adjunct tool for surveillance of influenza viruses in Ontario,BMC Public Health,,16,1,10.1186/s12889-016-3674-9,D. McGolrickP. BelangerH. RichardsonK. MooreA. MaierA. Majury,2016,http://link.springer.com/article/10.1186/s12889-016-3674-9,Article
"Genomic insights into the carbohydrate catabolism of Cairneyella variabilis gen. nov. sp. nov., the first reports from a genome of an ericoid mycorrhizal fungus from the southern hemisphere",Mycorrhiza,,26,4,10.1007/s00572-016-0683-6,David J. MidgleyCarly P. RosewarnePaul GreenfieldDongmei LiCassandra J. VocklerCatherine J. HitchcockNicole A. SawyerRobyn BrettJacqueline EdwardsJohn I. PittNai Tran-Dinh,2016,http://link.springer.com/article/10.1007/s00572-016-0683-6,Article
Rapid simultaneous screening of seven clinically important enteric pathogens using a magnetic bead based DNA microarray,World Journal of Microbiology and Biotechnology,,27,1,10.1007/s11274-010-0442-3,Hong SunQiu-Hua MoJi-Can LinZe YangCheng-Ning TuDa-Yong GuLei ShiWei-Ping Lu,2011,http://link.springer.com/article/10.1007/s11274-010-0442-3,Article
Vulnerability and Exposure to Crime: Applying Risk Terrain Modeling to the Study of Assault in Chicago,Applied Spatial Analysis and Policy,,9,4,10.1007/s12061-015-9165-z,Leslie W. KennedyJoel M. CaplanEric L. PizaHenri Buccine-Schraeder,2016,http://link.springer.com/article/10.1007/s12061-015-9165-z,Article
"The Influence of Community Areas, Neighborhood Clusters, and Street Segments on the Spatial Variability of Violent Crime in Chicago",Journal of Quantitative Criminology,,,,10.1007/s10940-016-9313-x,Cory SchnellAnthony A. BragaEric L. Piza,2016,http://link.springer.com/article/10.1007/s10940-016-9313-x,Article
"Outcomes, Data, and Indicators of Violence at the Community Level",The Journal of Primary Prevention,,37,2,10.1007/s10935-016-0429-4,Saba W. MashoMichael E. SchoenyDaniel WebsterEric Sigel,2016,http://link.springer.com/article/10.1007/s10935-016-0429-4,Article
Designing for geo-referenced in-situ therapeutic scenarios,Information Systems Frontiers,,18,1,10.1007/s10796-015-9576-z,Lu√≠s DuarteLu√≠s Carri√ßo,2016,http://link.springer.com/article/10.1007/s10796-015-9576-z,Article
Activity-based Twitter sampling for content-based and user-centric prediction models,Human-centric Computing and Information Sciences,,7,1,10.1186/s13673-016-0084-z,Somayyeh AghababaeiMasoud Makrehchi,2017,http://link.springer.com/article/10.1186/s13673-016-0084-z,Article
Air Pollution Effect on the Decay of Carbonate Building Stones in Old Town of Tallinn,"Water, Air, and Soil Pollution",,172,1‘¬4»’,10.1007/s11270-006-9078-1,Liidia Bityukova,2006,http://link.springer.com/article/10.1007/s11270-006-9078-1,Article
Antibiotic prescription preferences in paediatric outpatient setting in Estonia and Sweden,SpringerPlus,,2,1,10.1186/2193-1801-2-124,Jana LassViveca OdlindAlar IrsIrja Lutsar,2013,http://link.springer.com/article/10.1186/2193-1801-2-124,Article
Economic ties between Russia and Estonia in the modern context,Studies on Russian Economic Development,,27,2,10.1134/S1075700716020106,A. A. Nevskaya,2016,http://link.springer.com/article/10.1134/S1075700716020106,Article
Estimates of Money Demand Functions for Estonia,Transition Studies Review,,14,3,10.1007/s11300-007-0159-7,Hans-Eggert ReimersKairi Roht,2007,http://link.springer.com/article/10.1007/s11300-007-0159-7,Article
A comparison of multiple behavior models in a simulation of the aftermath of an improvised nuclear detonation,Autonomous Agents and Multi-Agent Systems,,30,6,10.1007/s10458-016-9331-y,Nidhi ParikhHarshal G. HayatnagarkarRichard J. BeckmanMadhav V. MaratheSamarth Swarup,2016,http://link.springer.com/article/10.1007/s10458-016-9331-y,Article
An overview of the European Union‚Äôs highly multilingual parallel corpora,Language Resources and Evaluation,,48,4,10.1007/s10579-014-9277-0,Ralf SteinbergerMohamed EbrahimAlexandros PoulisManuel Carrasco-BenitezPatrick Schl√ºterMarek PrzybyszewskiSigne Gilbro,2014,http://link.springer.com/article/10.1007/s10579-014-9277-0,Article
Analysing the Characteristics of Open Government Data Sources in Greece,Journal of the Knowledge Economy,,,,10.1007/s13132-015-0298-8,Charalampos AlexopoulosEuripidis LoukisSpiros MouzakitisMichalis PetychakisYannis Charalabidis,2015,http://link.springer.com/article/10.1007/s13132-015-0298-8,Article
Big data-driven fuzzy cognitive map for prioritising IT service procurement in the public sector,Annals of Operations Research,,,,10.1007/s10479-016-2281-6,Youngseok ChoiHabin LeeZahir Irani,2016,http://link.springer.com/article/10.1007/s10479-016-2281-6,Article
"Matxin, an open-source rule-based machine translation system for Basque",Machine Translation,,25,1,10.1007/s10590-011-9092-y,Aingeru MayorI√±aki AlegriaArantza D√≠az de IlarrazaGorka LabakaMikel LersundiKepa Sarasola,2011,http://link.springer.com/article/10.1007/s10590-011-9092-y,Article
Weighted clustering of attributed multi-graphs,Computing,,,,10.1007/s00607-016-0526-5,Andreas PapadopoulosGeorge PallisMarios D. Dikaiakos,2016,http://link.springer.com/article/10.1007/s00607-016-0526-5,Article
An integrated approach for assessing flood impacts due to future climate and socio-economic conditions and the scope of adaptation in Europe,Climatic Change,,128,3‘¬4»’,10.1007/s10584-014-1298-6,M. MokrechA. S. KebedeR. J. NichollsF. WimmerL. Feyen,2015,http://link.springer.com/article/10.1007/s10584-014-1298-6,Article
Application of an index of sediment connectivity in a lowland area,Journal of Soils and Sediments,,16,1,10.1007/s11368-015-1235-y,Aurore GayOlivier CerdanVincent MardhelMarc Desmet,2016,http://link.springer.com/article/10.1007/s11368-015-1235-y,Article
High nest survival and productivity of Northern Lapwings Vanellus vanellus breeding on urban brownfield sites,Journal of Ornithology,,156,1,10.1007/s10336-014-1114-0,Johannes KampAnneka PelsterLars GaedickeJohanna Karth√§userPetra DiekerKristian Mantel,2015,http://link.springer.com/article/10.1007/s10336-014-1114-0,Article
"Red tape, bribery and government favouritism: evidence from Europe","Crime, Law and Social Change",,,,10.1007/s10611-017-9694-2,Mih√°ly Fazekas,2017,http://link.springer.com/article/10.1007/s10611-017-9694-2,Article
Frailty is associated with socioeconomic and lifestyle factors in community-dwelling older subjects,Aging Clinical and Experimental Research,,29,4,10.1007/s40520-016-0623-5,Stefano PoliAlberto CellaMatteo PuntoniClarissa MusacchioMonica PomataDomenico TorrigliaNatalia VelloBeba MolinariValeria PandolfiniClaudio TorrigianiAlberto Pilotto,2017,http://link.springer.com/article/10.1007/s40520-016-0623-5,Article
I‚Äôm not like everybody else: urbanization factors shaping spatial distribution of native and invasive ants are species-specific,Urban Ecosystems,,20,1,10.1007/s11252-016-0576-7,J√©r√¥me M. W. GippetNathalie MondyJulita Diallo-DudekArnaud BellecAdeline DumetLubiana MistlerBernard Kaufmann,2017,http://link.springer.com/article/10.1007/s11252-016-0576-7,Article
Strategic voting in the second round of a two-round system: The 2014 French municipal elections,French Politics,,15,1,10.1057/s41253-016-0010-9,Bernard DolezAnnie LaurentAndr√© Blais,2017,http://link.springer.com/article/10.1057/s41253-016-0010-9,Article
Macadamia domestication in Hawai‚Äòi,Genetic Resources and Crop Evolution,,63,8,10.1007/s10722-015-0328-1,Craig Hardner,2016,http://link.springer.com/article/10.1007/s10722-015-0328-1,Article
Disparities in osteoporosis treatments,Osteoporosis International,,27,2,10.1007/s00198-015-3249-0,Z. LiuJ. WeaverA. de PappZ. LiJ. MartinK. AllenS. HuiE. A. Imel,2016,http://link.springer.com/article/10.1007/s00198-015-3249-0,Article
Are long-term fish assemblage changes in a large US river related to the Asian Carp invasion? Test of the hostile take-over and opportunistic dispersal hypotheses,Aquatic Sciences,,79,3,10.1007/s00027-017-0525-4,Mark PyronJesse C. BeckerKyle J. BroadwayLuke EtchisonMario MinderDawn DeColibusM. ChezemKevin H. WyattBrent A. Murry,2017,http://link.springer.com/article/10.1007/s00027-017-0525-4,Article
"Implications of shared edge length between land cover types for landscape quality: the case of Midwestern US, 1940‚Ä?998",Landscape Ecology,,23,4,10.1007/s10980-008-9197-8,Brett A. MartinGuofan ShaoRobert K. SwihartGeorge R. ParkerLina Tang,2008,http://link.springer.com/article/10.1007/s10980-008-9197-8,Article
The real-time city? Big data and smart urbanism,GeoJournal,,79,1,10.1007/s10708-013-9516-8,Rob Kitchin,2014,http://link.springer.com/article/10.1007/s10708-013-9516-8,Article
Proposal of New Objective Measures for Mining Association Rules: Cannibalization and Unexpectedness,Annals of Data Science,,1,1,10.1007/s40745-014-0011-y,Hidenobu HashikamiMasato Koda,2014,http://link.springer.com/article/10.1007/s40745-014-0011-y,Article
